INSERT INTO ajaran(ajaran) VALUES("2015/2016");
INSERT INTO ajaran(ajaran) VALUES("2016/2017");
INSERT INTO ajaran(ajaran) VALUES("2017/2018");
INSERT INTO ajaran(ajaran) VALUES("2018/2019");
INSERT INTO ajaran(ajaran) VALUES("2019/2020");
INSERT INTO ajaran(ajaran) VALUES("2020/2021");
INSERT INTO ajaran(ajaran) VALUES("2021/2022");
INSERT INTO ajaran(ajaran) VALUES("2022/2023");
INSERT INTO ajaran(ajaran) VALUES("2023/2024");
INSERT INTO ajaran(ajaran) VALUES("2024/2025");
INSERT INTO ajaran(ajaran) VALUES("2025/2026");



INSERT INTO smester(id, smester, ajaran) VALUES (1, 1, "2015/2016");
INSERT INTO smester(id, smester, ajaran) VALUES (2, 2, "2015/2016");

INSERT INTO smester(id, smester, ajaran) VALUES (3, 1, "2016/2017");
INSERT INTO smester(id, smester, ajaran) VALUES (4, 2, "2016/2017");

INSERT INTO smester(id, smester, ajaran) VALUES (5, 1, "2017/2018");
INSERT INTO smester(id, smester, ajaran) VALUES (6, 2, "2017/2018");

INSERT INTO smester(id, smester, ajaran) VALUES (7, 1, "2018/2019");
INSERT INTO smester(id, smester, ajaran) VALUES (8, 2, "2018/2019");

INSERT INTO smester(id, smester, ajaran) VALUES (9, 1, "2019/2020");
INSERT INTO smester(id, smester, ajaran) VALUES (10, 2, "2019/2020");

INSERT INTO smester(id, smester, ajaran) VALUES (11, 1, "2020/2021");
INSERT INTO smester(id, smester, ajaran) VALUES (12, 2, "2020/2021");

INSERT INTO smester(id, smester, ajaran) VALUES (13, 1, "2021/2022");
INSERT INTO smester(id, smester, ajaran) VALUES (14, 2, "2021/2022");

INSERT INTO smester(id, smester, ajaran) VALUES (15, 1, "2022/2023");
INSERT INTO smester(id, smester, ajaran) VALUES (16, 2, "2022/2023");

INSERT INTO smester(id, smester, ajaran) VALUES (17, 1, "2023/2024");
INSERT INTO smester(id, smester, ajaran) VALUES (18, 2, "2023/2024");

INSERT INTO smester(id, smester, ajaran) VALUES (19, 1, "2024/2025");
INSERT INTO smester(id, smester, ajaran) VALUES (20, 2, "2024/2025");

INSERT INTO smester(id, smester, ajaran) VALUES (21, 1, "2025/2021");
INSERT INTO smester(id, smester, ajaran) VALUES (22, 2, "2025/2021");




INSERT INTO kategori(kategori) VALUES ("akademis");
INSERT INTO kategori(kategori) VALUES ("hafalan");
INSERT INTO kategori(kategori) VALUES ("kepribadian");
INSERT INTO kategori(kategori) VALUES ("kurikuler");
INSERT INTO kategori(kategori) VALUES ("pembiasaan");




INSERT INTO pelajaran(pelajaran, kategori, kkm, ajaran, smester) VALUES ("Qur'an - Hadits", "akademis", 71, "2015/2016", 1);